Workbook

Sheet List
F1: Date | G1: =TODAY() -> 45938
A2: Bug Tracking List
A3: ID | B3: Date | C3: Issue No. | D3: Category | E3: Importance | F3: Issue | G3: Writer | H3: Charger
A4: 1 | B4: ='1'!C4 -> 45920 | C4: ='1'!C3 -> 1 | D4: ='1'!C9 -> Design | E4: ='1'!C5 -> High | F4: ='1'!C12 -> 계단에서 이동시 캐릭터가 미끄러지는 현상 | G4: ='1'!H4 -> 김사윤 | H4: ='1'!H9 -> 엄기영
A5: 2 | B5: ='2'!C4 -> 45920 | C5: ='2'!C3 -> 2 | D5: ='2'!C9 -> Design | E5: ='2'!C5 -> Mid | F5: ='2'!C12 -> 계단구간 콜라이더 누락, 마감 버그 | G5: ='2'!H4 -> 김사윤 | H5: ='2'!H9 -> 엄기영
A6: 3 | B6: ='3'!C4 -> 45920 | C6: ='3'!C3 -> 3 | D6: ='3'!C9 -> Script | E6: ='3'!C5 -> Mid | F6: ='3'!C12 -> House 구간에서 이동조작이 불가한 현상 | G6: ='3'!H4 -> 김사윤 | H6: ='3'!H9 -> 이민기
A7: 4 | B7: ='4'!C4 -> 45927 | C7: ='4'!C3 -> 4 | D7: ='4'!C9 -> Script | E7: ='4'!C5 -> High | F7: ='4'!C12 -> 무기 선택버튼 UI 비활성화가 안되는 버그 | G7: ='4'!H4 -> 김사윤 | H7: ='4'!H9 -> 이민기
A8: 5 | B8: ='5'!C4 -> 45927 | C8: ='5'!C3 -> 5 | D8: ='5'!C9 -> Design | E8: ='5'!C5 -> Mid | F8: ='5'!C12 -> 플레이어와 비슷한 높이의 계단 콜라이더 통과 버그 | G8: ='5'!H4 -> 김사윤 | H8: ='5'!H9 -> 엄기영

Sheet 1
E1: Product | F1: MIP | H1: Write date | I1: 45938.703 | O1: Product | P1: Importance | Q1: Device | R1: Replay | S1: Frequency
A2: History | O2: MIP | P2: High | Q2: PC(Engine) | R2: Yes | S2: Always
A3: Issue No. | C3: 1 | O3: TD | P3: Mid | Q3: Mobile | R3: No | S3: Often
A4: Confirm date | C4: 45920 | F4: Writer | H4: 김사윤 | P4: Low | S4: sometimes
A5: Importance | C5: High | F5: Device | H5: PC(Engine) | S5: seldom
A7: Issue
A8: Replay | C8: Yes | F8: Frequency | H8: Often
A9: Category | C9: Design | F9: Charger | H9: 엄기영
A11: Detail
A12: Issue | C12: 계단에서 이동시 캐릭터가 미끄러지는 현상
A13: 계단에서 앉거나 일어나서 이동시 캐릭터가 계단에서 가끔씩 미끄러지는 현상
A15: Replay
A18: Comment
A19: 계단의 콜라이더 판정이 널널하지 않아 생기지 않아 판단.
A21: Steel shot

Sheet 2
E1: Product | F1: MIP | H1: Write date | I1: 45938.703 | O1: Product | P1: Importance | Q1: Device | R1: Replay | S1: Frequency
A2: History | O2: MIP | P2: High | Q2: PC(Engine) | R2: Yes | S2: Always
A3: Issue No. | C3: 2 | O3: TD | P3: Mid | Q3: Mobile | R3: No | S3: Often
A4: Confirm date | C4: 45920 | F4: Writer | H4: 김사윤 | P4: Low | S4: sometimes
A5: Importance | C5: Mid | F5: Device | H5: PC(Engine) | S5: seldom
A7: Issue
A8: Replay | C8: Yes | F8: Frequency | H8: Often
A9: Category | C9: Design | F9: Charger | H9: 엄기영
A11: Detail
A12: Issue | C12: 계단구간 콜라이더 누락, 마감 버그
A13: 플레이어가 벽을 통과해 그대로 맵 중간에 갖혀버리는 버그가 있으니 보수작업을 요청함.
A15: Replay
A18: Comment
A19: 아직 2층 구간의 벽 콜라이더를 추가하지 않아 생긴 문제
A21: Steel shot

Sheet 3
E1: Product | F1: MIP | H1: Write date | I1: 45938.703 | O1: Product | P1: Importance | Q1: Device | R1: Replay | S1: Frequency
A2: History | O2: MIP | P2: High | Q2: PC(Engine) | R2: Yes | S2: Always
A3: Issue No. | C3: 3 | O3: TD | P3: Mid | Q3: Mobile | R3: No | S3: Often
A4: Confirm date | C4: 45920 | F4: Writer | H4: 김사윤 | P4: Low | S4: sometimes
A5: Importance | C5: Mid | F5: Device | H5: PC(Engine) | S5: seldom
A7: Issue
A8: Replay | C8: No | F8: Frequency | H8: Often
A9: Category | C9: Script | F9: Charger | H9: 이민기
A11: Detail
A12: Issue | C12: House 구간에서 이동조작이 불가한 현상
A13: 플레이 중에 마우스를 화면에 집중된 후 이동키가 먹지 않아 움직이지 못하는 현상
A15: Replay
A18: Comment
A19: House 구간에서 Player가 배치될때 일부 조작 기능들의 코드를 제어하는 기능을 아직 넣지 않았다 판단.
A21: Steel shot

Sheet 4
E1: Product | F1: MIP | H1: Write date | I1: 45938.703 | O1: Product | P1: Importance | Q1: Device | R1: Replay | S1: Frequency
A2: History | O2: MIP | P2: High | Q2: PC(Engine) | R2: Yes | S2: Always
A3: Issue No. | C3: 4 | O3: TD | P3: Mid | Q3: Mobile | R3: No | S3: Often
A4: Confirm date | C4: 45927 | F4: Writer | H4: 김사윤 | P4: Low | S4: sometimes
A5: Importance | C5: High | F5: Device | H5: PC(Engine) | S5: seldom
A7: Issue
A8: Replay | C8: No | F8: Frequency | H8: Always
A9: Category | C9: Script | F9: Charger | H9: 이민기
A11: Detail
A12: Issue | C12: 무기 선택버튼 UI 비활성화가 안되는 버그
A13: 플레이어가 House에서 무기 상자에 접근한 후 "Gun"을 선택할시 UI가 사라지지 않으며 ESC키로 Ui를 꺼야함 무기도 제대로 선택되지 않음
A15: Replay
A18: Comment
A19: 무기 선택의 버튼을 상호작용을 하고나서 Ui를 비활성화 시키는 코드를 완성하지 않은 것으로 판정
A21: Steel shot

Sheet 5
E1: Product | F1: MIP | H1: Write date | I1: 45938.703 | O1: Product | P1: Importance | Q1: Device | R1: Replay | S1: Frequency
A2: History | O2: MIP | P2: High | Q2: PC(Engine) | R2: Yes | S2: Always
A3: Issue No. | C3: 5 | O3: TD | P3: Mid | Q3: Mobile | R3: No | S3: Often
A4: Confirm date | C4: 45927 | F4: Writer | H4: 김사윤 | P4: Low | S4: sometimes
A5: Importance | C5: Mid | F5: Device | H5: PC(Engine) | S5: seldom
A7: Issue
A8: Replay | C8: Yes | F8: Frequency | H8: Often
A9: Category | C9: Design | F9: Charger | H9: 엄기영
A11: Detail
A12: Issue | C12: 플레이어와 비슷한 높이의 계단 콜라이더 통과 버그
A13: 플레이어의 키와 비슷한 계단 좌측 구간에서 콜라이더를 뚫어 플레이어가 계단안을 들어갈 수 있는 버그가 발견됨.
A15: Replay
A18: Comment
A19: 계단의 콜라이더 부분이 제대로 마감이 되지 않아 발생한 문제
A21: Steel shot
