Workbook

Sheet List
F1: Date | G1: =TODAY() -> 45958
A2: Bug Tracking List
A3: ID | B3: Date | C3: Issue No. | D3: Category | E3: Importance | F3: Issue | G3: Writer | H3: Charger
A4: 1 | B4: ='1'!C4 -> 45920 | C4: ='1'!C3 -> 1 | D4: ='1'!C9 -> Design | E4: ='1'!C5 -> High | F4: ='1'!C12 -> 계단에서 이동시 캐릭터가 미끄러지는 현상 | G4: ='1'!H4 -> 김사윤 | H4: ='1'!H9 -> 엄기영
A5: 2 | B5: ='2'!C4 -> 45920 | C5: ='2'!C3 -> 2 | D5: ='2'!C9 -> Design | E5: ='2'!C5 -> Mid | F5: ='2'!C12 -> 계단구간 콜라이더 누락, 마감 버그 | G5: ='2'!H4 -> 김사윤 | H5: ='2'!H9 -> 엄기영
A6: 3 | B6: ='3'!C4 -> 45920 | C6: ='3'!C3 -> 3 | D6: ='3'!C9 -> Script | E6: ='3'!C5 -> Mid | F6: ='3'!C12 -> House 구간에서 이동조작이 불가한 현상 | G6: ='3'!H4 -> 김사윤 | H6: ='3'!H9 -> 이민기
A7: 4 | B7: ='4'!C4 -> 45927 | C7: ='4'!C3 -> 4 | D7: ='4'!C9 -> Script | E7: ='4'!C5 -> High | F7: ='4'!C12 -> 무기 선택버튼 UI 비활성화가 안되는 버그 | G7: ='4'!H4 -> 김사윤 | H7: ='4'!H9 -> 이민기
A8: 5 | B8: ='5'!C4 -> 45927 | C8: ='5'!C3 -> 5 | D8: ='5'!C9 -> Design | E8: ='5'!C5 -> Mid | F8: ='5'!C12 -> 플레이어와 비슷한 높이의 계단 콜라이더 통과 버그 | G8: ='5'!H4 -> 김사윤 | H8: ='5'!H9 -> 엄기영
A9: 6 | B9: ='6'!C4 -> 45942 | C9: ='6'!C3 -> 6 | D9: ='6'!C9 -> Script | E9: ='6'!C5 -> Low | F9: ='6'!C12 -> foyer 퍼즐의 타일이 겹치면 텍스쳐가 겹침 | G9: ='6'!H4 -> 김사윤 | H9: ='6'!H9 -> 이민기
A10: 7 | B10: ='7'!C4 -> 45942 | C10: ='7'!C3 -> 7 | D10: ='7'!C9 -> Script | E10: ='7'!C5 -> Mid | F10: ='7'!C12 -> dining 퍼즐 인벤토리 UI 배치 | G10: ='7'!H4 -> 김사윤 | H10: ='7'!H9 -> 이민기
A11: 8 | B11: ='8'!C4 -> 45950 | C11: ='8'!C3 -> 9c886e3 - 8 | D11: ='8'!C9 -> Design | E11: ='8'!C5 -> High | F11: ='8'!C12 -> 메인매뉴를 통해 Home 진입시 라이팅 버그 | G11: ='7'!H4 -> 김사윤 | H11: ='8'!H9 -> 엄기영
A12: 9 - 1 | B12: ='9-1'!C4 -> 45950 | C12: ='9-1'!C3 -> 9c886e3 - 9 - 1 | D12: ='9-1'!C9 -> Design | E12: ='9-1'!C5 -> Mid | F12: ='9-1'!C12 -> 세탁소 밸브 퍼즐 디자인 미완성 | G12: ='7'!H4 -> 김사윤 | H12: ='9-1'!H9 -> 엄기영
A13: 9 - 2 | B13: ='9-2'!C4 -> 45950 | C13: ='9-2'!C3 -> 9c886e3 - 9 - 2 | D13: ='9-2'!C9 -> Design | E13: ='9-2'!C5 -> Mid | F13: ='9-2'!C12 -> 세탁소 문 벽 콜리전 문제 | G13: ='7'!H4 -> 김사윤 | H13: ='9-2'!H9 -> 엄기영
A14: 10 -1 | B14: ='10-1'!C4 -> 45950 | C14: ='10-1'!C3 -> 9c886e3 - 10 - 1 | D14: ='10-1'!C9 -> Design | E14: ='10-2'!C5 -> Low | F14: ='10-1'!C12 -> 식당 오브젝트 물리판정 누락 | G14: ='7'!H4 -> 김사윤 | H14: ='10-1'!H9 -> 엄기영
A15: 10 -2 | B15: ='10-2'!C4 -> 45950 | C15: ='10-2'!C3 -> 9c886e3 - 10 - 2 | D15: ='10-2'!C9 -> Design | E15: ='10-2'!C5 -> Low | F15: ='10-2'!C12 -> 식당 천장 라이트 효과 누수 | G15: ='7'!H4 -> 김사윤 | H15: ='10-2'!H9 -> 엄기영
A16: 11 | B16: ='11'!C4 -> 45950 | C16: ='11'!C3 -> 9c886e3 - 11 | D16: ='11'!C9 -> Design | E16: ='11'!C5 -> Mid | F16: ='11'!C12 -> 서재실 벽문제 | G16: ='7'!H4 -> 김사윤 | H16: ='11'!H9 -> 엄기영
A17: 12 | B17: ='12'!C4 -> 45957 | C17: ='12'!C3 -> 803c04a - 12 | D17: ='12'!C9 -> Scripts | E17: ='12'!C5 -> High | F17: ='12'!C12 -> 적 제압시 무반응 현상 | G17: ='7'!H4 -> 김사윤 | H17: ='12'!H9 -> 이민기
A18: 13 | B18: ='13'!C4 -> 45950 | C18: ='13'!C3 -> 803c04a - 13 | D18: ='13'!C9 -> Design | E18: ='13'!C5 -> Mid | F18: ='13'!C12 -> 휴게실 벽 통과 버그 | G18: ='7'!H4 -> 김사윤 | H18: ='13'!H9 -> 엄기영
A19: 14 | B19: ='14'!C4 -> 45957 | C19: ='14'!C3 -> 803c04a - 14 | D19: ='14'!C9 -> Scripts | E19: ='14'!C5 -> Low | F19: ='14'!C12 -> 임무성공 - Home 복귀 버튼 누락 | G19: ='7'!H4 -> 김사윤 | H19: ='14'!H9 -> 이민기
A20: 15 | B20: ='15'!C4 -> 45957 | C20: ='15'!C3 -> 803c04a - 15 | D20: ='15'!C9 -> Scripts | E20: ='15'!C5 -> High | F20: ='15'!C12 -> Study 퍼즐 인벤토리 책 아이템 누락 | G20: ='7'!H4 -> 김사윤 | H20: ='15'!H9 -> 이민기

Sheet 1
E1: Product | F1: MIP | H1: Write date | I1: 45938.703 | O1: Product | P1: Importance | Q1: Device | R1: Replay | S1: Frequency
A2: History | O2: MIP | P2: High | Q2: PC(Engine) | R2: Yes | S2: Always
A3: Issue No. | C3: 1 | O3: TD | P3: Mid | Q3: Mobile | R3: No | S3: Often
A4: Confirm date | C4: 45920 | F4: Writer | H4: 김사윤 | P4: Low | S4: sometimes
A5: Importance | C5: High | F5: Device | H5: PC(Engine) | S5: seldom
A7: Issue
A8: Replay | C8: Yes | F8: Frequency | H8: Often
A9: Category | C9: Design | F9: Charger | H9: 엄기영
A11: Detail
A12: Issue | C12: 계단에서 이동시 캐릭터가 미끄러지는 현상
A13: 계단에서 앉거나 일어나서 이동시 캐릭터가 계단에서 가끔씩 미끄러지는 현상
A15: Replay
A18: Comment
A19: 계단의 콜라이더 판정이 널널하지 않아 생기지 않아 판단.
A21: Steel shot

Sheet 2
E1: Product | F1: MIP | H1: Write date | I1: 45938.703 | O1: Product | P1: Importance | Q1: Device | R1: Replay | S1: Frequency
A2: History | O2: MIP | P2: High | Q2: PC(Engine) | R2: Yes | S2: Always
A3: Issue No. | C3: 2 | O3: TD | P3: Mid | Q3: Mobile | R3: No | S3: Often
A4: Confirm date | C4: 45920 | F4: Writer | H4: 김사윤 | P4: Low | S4: sometimes
A5: Importance | C5: Mid | F5: Device | H5: PC(Engine) | S5: seldom
A7: Issue
A8: Replay | C8: Yes | F8: Frequency | H8: Often
A9: Category | C9: Design | F9: Charger | H9: 엄기영
A11: Detail
A12: Issue | C12: 계단구간 콜라이더 누락, 마감 버그
A13: 플레이어가 벽을 통과해 그대로 맵 중간에 갖혀버리는 버그가 있으니 보수작업을 요청함.
A15: Replay
A18: Comment
A19: 아직 2층 구간의 벽 콜라이더를 추가하지 않아 생긴 문제
A21: Steel shot

Sheet 3
E1: Product | F1: MIP | H1: Write date | I1: 45938.703 | O1: Product | P1: Importance | Q1: Device | R1: Replay | S1: Frequency
A2: History | O2: MIP | P2: High | Q2: PC(Engine) | R2: Yes | S2: Always
A3: Issue No. | C3: 3 | O3: TD | P3: Mid | Q3: Mobile | R3: No | S3: Often
A4: Confirm date | C4: 45920 | F4: Writer | H4: 김사윤 | P4: Low | S4: sometimes
A5: Importance | C5: Mid | F5: Device | H5: PC(Engine) | S5: seldom
A7: Issue
A8: Replay | C8: No | F8: Frequency | H8: Often
A9: Category | C9: Script | F9: Charger | H9: 이민기
A11: Detail
A12: Issue | C12: House 구간에서 이동조작이 불가한 현상
A13: 플레이 중에 마우스를 화면에 집중된 후 이동키가 먹지 않아 움직이지 못하는 현상
A15: Replay
A18: Comment
A19: House 구간에서 Player가 배치될때 일부 조작 기능들의 코드를 제어하는 기능을 아직 넣지 않았다 판단.
A21: Steel shot

Sheet 4
E1: Product | F1: MIP | H1: Write date | I1: 45938.703 | O1: Product | P1: Importance | Q1: Device | R1: Replay | S1: Frequency
A2: History | O2: MIP | P2: High | Q2: PC(Engine) | R2: Yes | S2: Always
A3: Issue No. | C3: 4 | O3: TD | P3: Mid | Q3: Mobile | R3: No | S3: Often
A4: Confirm date | C4: 45927 | F4: Writer | H4: 김사윤 | P4: Low | S4: sometimes
A5: Importance | C5: High | F5: Device | H5: PC(Engine) | S5: seldom
A7: Issue
A8: Replay | C8: No | F8: Frequency | H8: Always
A9: Category | C9: Script | F9: Charger | H9: 이민기
A11: Detail
A12: Issue | C12: 무기 선택버튼 UI 비활성화가 안되는 버그
A13: 플레이어가 House에서 무기 상자에 접근한 후 "Gun"을 선택할시 UI가 사라지지 않으며 ESC키로 Ui를 꺼야함 무기도 제대로 선택되지 않음
A15: Replay
A18: Comment
A19: 무기 선택의 버튼을 상호작용을 하고나서 Ui를 비활성화 시키는 코드를 완성하지 않은 것으로 판정
A21: Steel shot

Sheet 5
E1: Product | F1: MIP | H1: Write date | I1: 45938.703 | O1: Product | P1: Importance | Q1: Device | R1: Replay | S1: Frequency
A2: History | O2: MIP | P2: High | Q2: PC(Engine) | R2: Yes | S2: Always
A3: Issue No. | C3: 5 | O3: TD | P3: Mid | Q3: Mobile | R3: No | S3: Often
A4: Confirm date | C4: 45927 | F4: Writer | H4: 김사윤 | P4: Low | S4: sometimes
A5: Importance | C5: Mid | F5: Device | H5: PC(Engine) | S5: seldom
A7: Issue
A8: Replay | C8: Yes | F8: Frequency | H8: Often
A9: Category | C9: Design | F9: Charger | H9: 엄기영
A11: Detail
A12: Issue | C12: 플레이어와 비슷한 높이의 계단 콜라이더 통과 버그
A13: 플레이어의 키와 비슷한 계단 좌측 구간에서 콜라이더를 뚫어 플레이어가 계단안을 들어갈 수 있는 버그가 발견됨.
A15: Replay
A18: Comment
A19: 계단의 콜라이더 부분이 제대로 마감이 되지 않아 발생한 문제
A21: Steel shot

Sheet 6
E1: Product | F1: MIP | H1: Write date | I1: 45942.676 | O1: Product | P1: Importance | Q1: Device | R1: Replay | S1: Frequency
A2: History | O2: MIP | P2: High | Q2: PC(Engine) | R2: Yes | S2: Always
A3: Issue No. | C3: 6 | O3: TD | P3: Mid | Q3: Mobile | R3: No | S3: Often
A4: Confirm date | C4: 45942 | F4: Writer | H4: 김사윤 | P4: Low | S4: sometimes
A5: Importance | C5: Low | F5: Device | H5: PC(Engine) | S5: seldom
A7: Issue
A8: Replay | C8: Yes | F8: Frequency | H8: Always
A9: Category | C9: Script | F9: Charger | H9: 이민기
A11: Detail
A12: Issue | C12: foyer 퍼즐의 타일이 겹치면 텍스쳐가 겹침
A13: foyer 퍼즐에서 타일을 옯길 시 일부 타일들 이 다른 타일과 겹칠 수 텍스쳐가 깨지는 현상 발견
A15: Replay
A18: Comment
A19: 타일들의 레이어 세팅이 잘못 되었다 판단
A21: Steel shot

Sheet 7
E1: Product | F1: MIP | H1: Write date | I1: 45942.676 | O1: Product | P1: Importance | Q1: Device | R1: Replay | S1: Frequency
A2: History | O2: MIP | P2: High | Q2: PC(Engine) | R2: Yes | S2: Always
A3: Issue No. | C3: 7 | O3: TD | P3: Mid | Q3: Mobile | R3: No | S3: Often
A4: Confirm date | C4: 45942 | F4: Writer | H4: 김사윤 | P4: Low | S4: sometimes
A5: Importance | C5: Mid | F5: Device | H5: PC(Engine) | S5: seldom
A7: Issue
A8: Replay | C8: Yes | F8: Frequency | H8: sometimes
A9: Category | C9: Script | F9: Charger | H9: 이민기
A11: Detail
A12: Issue | C12: dining 퍼즐 인벤토리 UI 배치
A13: dining 퍼즐에 쓰이는 아이템을 얻고 취소하는 작업을 반복할시 일시적인 확률로 UI가 꼬여 일시정지 화면과 마우스등을 확실하게 제어가 불가
A15: Replay
A18: Comment
A19: 인벤토리 UI의 우선순위를 수정해 일시정지화면 Ui를 우선적으로 둬야야 해결될 것으로 보임.
A21: Steel shot

Sheet 8
E1: Product | F1: MIP | H1: Write date | I1: 45950.924 | O1: Product | P1: Importance | Q1: Device | R1: Replay | S1: Frequency
A2: History | O2: MIP | P2: High | Q2: PC(Engine) | R2: Yes | S2: Always
A3: Issue No. | C3: 9c886e3 - 8 | O3: TD | P3: Mid | Q3: Mobile | R3: No | S3: Often
A4: Confirm date | C4: 45950 | F4: Writer | H4: 김사윤 | P4: Low | S4: sometimes
A5: Importance | C5: High | F5: Device | H5: PC(Engine) | S5: seldom
A7: Issue
A8: Replay | C8: Yes | F8: Frequency | H8: Always
A9: Category | C9: Design | F9: Charger | H9: 엄기영
A11: Detail
A12: Issue | C12: 메인매뉴를 통해 Home 진입시 라이팅 버그
A13: 메인메뉴 Scene을 통해 게임을 시작하면서 Home에 진입시 방의 라이팅이 없어지는 버그 발생
A15: Replay
A18: Comment
A19: Home에 라이팅을 제대로 추가, 적용하지 않은 문제로 판단
A21: Steel shot

Sheet 9-1
E1: Product | F1: MIP | H1: Write date | I1: 45950.924 | O1: Product | P1: Importance | Q1: Device | R1: Replay | S1: Frequency
A2: History | O2: MIP | P2: High | Q2: PC(Engine) | R2: Yes | S2: Always
A3: Issue No. | C3: 9c886e3 - 9 - 1 | O3: TD | P3: Mid | Q3: Mobile | R3: No | S3: Often
A4: Confirm date | C4: 45950 | F4: Writer | H4: 김사윤 | P4: Low | S4: sometimes
A5: Importance | C5: Mid | F5: Device | H5: PC(Engine) | S5: seldom
A7: Issue
A8: Replay | C8: Yes | F8: Frequency | H8: Always
A9: Category | C9: Design | F9: Charger | H9: 엄기영
A11: Detail
A12: Issue | C12: 세탁소 밸브 퍼즐 디자인 미완성
A13: 세탁소 퍼즐의 밸브 오브젝트의 머테리얼 누락, 미완성
A15: Replay
A18: Comment
A19: 아직 퍼즐의 디자인이 미완성인것으로 판단
A21: Steel shot

Sheet 9-2
E1: Product | F1: MIP | H1: Write date | I1: 45950.924 | O1: Product | P1: Importance | Q1: Device | R1: Replay | S1: Frequency
A2: History | O2: MIP | P2: High | Q2: PC(Engine) | R2: Yes | S2: Always
A3: Issue No. | C3: 9c886e3 - 9 - 2 | O3: TD | P3: Mid | Q3: Mobile | R3: No | S3: Often
A4: Confirm date | C4: 45950 | F4: Writer | H4: 김사윤 | P4: Low | S4: sometimes
A5: Importance | C5: Mid | F5: Device | H5: PC(Engine) | S5: seldom
A7: Issue
A8: Replay | C8: Yes | F8: Frequency | H8: Often
A9: Category | C9: Design | F9: Charger | H9: 엄기영
A11: Detail
A12: Issue | C12: 세탁소 문 벽 콜리전 문제
A13: 세탁소 퍼즐 구간의 문에 플레이어가 질주하면서 문의 끝으로 돌진할 경우 일정 확률로 문을 뚫고 나가게 됨
A15: Replay
A18: Comment
A19: 벽의 물리판정과 플레이어가 달릴때 벽에 간섭을 덜 받을 수 있게 수정하면 해결이 가능할 것 같음
A21: Steel shot

Sheet 10-1
E1: Product | F1: MIP | H1: Write date | I1: 45950.924 | O1: Product | P1: Importance | Q1: Device | R1: Replay | S1: Frequency
A2: History | O2: MIP | P2: High | Q2: PC(Engine) | R2: Yes | S2: Always
A3: Issue No. | C3: 9c886e3 - 10 - 1 | O3: TD | P3: Mid | Q3: Mobile | R3: No | S3: Often
A4: Confirm date | C4: 45950 | F4: Writer | H4: 김사윤 | P4: Low | S4: sometimes
A5: Importance | C5: Mid | F5: Device | H5: PC(Engine) | S5: seldom
A7: Issue
A8: Replay | C8: Yes | F8: Frequency | H8: Always
A9: Category | C9: Design | F9: Charger | H9: 엄기영
A11: Detail
A12: Issue | C12: 식당 오브젝트 물리판정 누락
A13: 식당의 책상 오브젝트의 물리판정이 없어 플레이어가 통과함
A15: Replay
A18: Comment
A19: 아직 팩상의 물리판정을 넣지 않은 것으로 판단
A21: Steel shot

Sheet 10-2
E1: Product | F1: MIP | H1: Write date | I1: 45950.924 | O1: Product | P1: Importance | Q1: Device | R1: Replay | S1: Frequency
A2: History | O2: MIP | P2: High | Q2: PC(Engine) | R2: Yes | S2: Always
A3: Issue No. | C3: 9c886e3 - 10 - 2 | O3: TD | P3: Mid | Q3: Mobile | R3: No | S3: Often
A4: Confirm date | C4: 45950 | F4: Writer | H4: 김사윤 | P4: Low | S4: sometimes
A5: Importance | C5: Low | F5: Device | H5: PC(Engine) | S5: seldom
A7: Issue
A8: Replay | C8: Yes | F8: Frequency | H8: Always
A9: Category | C9: Design | F9: Charger | H9: 엄기영
A11: Detail
A12: Issue | C12: 식당 천장 라이트 효과 누수
A13: 식당 옥상에 촛볼관련 라이트가 바로 윗층에 있는 화로 불 라이팅이 뚫려 보이는 현상이 보임
A15: Replay
A18: Comment
A19: 해당 화로의 라이트 효과를 직접 수정하면 해결될 것으로 보임
A21: Steel shot

Sheet 11
E1: Product | F1: MIP | H1: Write date | I1: 45950.924 | O1: Product | P1: Importance | Q1: Device | R1: Replay | S1: Frequency
A2: History | O2: MIP | P2: High | Q2: PC(Engine) | R2: Yes | S2: Always
A3: Issue No. | C3: 9c886e3 - 11 | O3: TD | P3: Mid | Q3: Mobile | R3: No | S3: Often
A4: Confirm date | C4: 45950 | F4: Writer | H4: 김사윤 | P4: Low | S4: sometimes
A5: Importance | C5: Mid | F5: Device | H5: PC(Engine) | S5: seldom
A7: Issue
A8: Replay | C8: Yes | F8: Frequency | H8: sometimes
A9: Category | C9: Design | F9: Charger | H9: 엄기영
A11: Detail
A12: Issue | C12: 서재실 벽문제
A13: 서재실에 있는 책장 오브젝트에 플레이어가 달리기를 하며 돌진하면 가끔 벽을 뚫어 맵 밖으로 떨어지는 문제가 발생
A15: Replay
A18: Comment
A19: 해당 책장의 콜리전 판정을 좀 넓으면서 널널히 줘야 해결될 것으로 보임
A21: Steel shot

Sheet 12
E1: Product | F1: MIP | H1: Write date | I1: 45950.924 | O1: Product | P1: Importance | Q1: Device | R1: Replay | S1: Frequency
A2: History | O2: MIP | P2: High | Q2: PC(Engine) | R2: Yes | S2: Always
A3: Issue No. | C3: 803c04a - 12 | O3: TD | P3: Mid | Q3: Mobile | R3: No | S3: Often
A4: Confirm date | C4: 45957 | F4: Writer | H4: 김사윤 | P4: Low | S4: sometimes
A5: Importance | C5: High | F5: Device | H5: PC(Engine) | S5: seldom
A7: Issue
A8: Replay | C8: Yes | F8: Frequency | H8: Always
A9: Category | C9: Scripts | F9: Charger | H9: 이민기
A11: Detail
A12: Issue | C12: 적 제압시 무반응 현상
A13: Home에서 무기 선택후 저택 진입 후 적의 후방에서 제압시 적이 쓰러지지 않고 그대로 멈춰버림
A15: Replay
A18: Comment
A19: Animator파일의 검토가 필요
A21: Steel shot

Sheet 13
E1: Product | F1: MIP | H1: Write date | I1: 45950.924 | O1: Product | P1: Importance | Q1: Device | R1: Replay | S1: Frequency
A2: History | O2: MIP | P2: High | Q2: PC(Engine) | R2: Yes | S2: Always
A3: Issue No. | C3: 803c04a - 13 | O3: TD | P3: Mid | Q3: Mobile | R3: No | S3: Often
A4: Confirm date | C4: 45950 | F4: Writer | H4: 김사윤 | P4: Low | S4: sometimes
A5: Importance | C5: Mid | F5: Device | H5: PC(Engine) | S5: seldom
A7: Issue
A8: Replay | C8: Yes | F8: Frequency | H8: sometimes
A9: Category | C9: Design | F9: Charger | H9: 엄기영
A11: Detail
A12: Issue | C12: 휴게실 벽 통과 버그
A13: 휴게실을 감싸는 벽을 바깥쪽에서 기둥 안쪽으로 진입시 벽을 그대로 통과해 휴게실 안으로 들어갈 수 있음
A15: Replay
A18: Comment
A19: 휴게실을 감싸는 벽을 수정해야할 필요가 있음
A21: Steel shot

Sheet 14
E1: Product | F1: MIP | H1: Write date | I1: 45950.924 | O1: Product | P1: Importance | Q1: Device | R1: Replay | S1: Frequency
A2: History | O2: MIP | P2: High | Q2: PC(Engine) | R2: Yes | S2: Always
A3: Issue No. | C3: 803c04a - 14 | O3: TD | P3: Mid | Q3: Mobile | R3: No | S3: Often
A4: Confirm date | C4: 45957 | F4: Writer | H4: 김사윤 | P4: Low | S4: sometimes
A5: Importance | C5: Low | F5: Device | H5: PC(Engine) | S5: seldom
A7: Issue
A8: Replay | C8: Yes | F8: Frequency | H8: Often
A9: Category | C9: Scripts | F9: Charger | H9: 이민기
A11: Detail
A12: Issue | C12: 임무성공 - Home 복귀 버튼 누락
A13: 미션 클리어 후 Home으로 복귀하기 위한 버튼의 모습이 누락되있음
A15: Replay
A18: Comment
A19: 적군 Animator 파일의 검토가 필요
A21: Steel shot

Sheet 15
E1: Product | F1: MIP | H1: Write date | I1: 45950.924 | O1: Product | P1: Importance | Q1: Device | R1: Replay | S1: Frequency
A2: History | O2: MIP | P2: High | Q2: PC(Engine) | R2: Yes | S2: Always
A3: Issue No. | C3: 803c04a - 15 | O3: TD | P3: Mid | Q3: Mobile | R3: No | S3: Often
A4: Confirm date | C4: 45957 | F4: Writer | H4: 김사윤 | P4: Low | S4: sometimes
A5: Importance | C5: High | F5: Device | H5: PC(Engine) | S5: seldom
A7: Issue
A8: Replay | C8: Yes | F8: Frequency | H8: Always
A9: Category | C9: Scripts | F9: Charger | H9: 이민기
A11: Detail
A12: Issue | C12: Study 퍼즐 인벤토리 책 아이템 누락
A13: Study 퍼즐에 필요한 책을 확보 후 인벤토리에 책이 나오지 않는 버그 발생
A15: Replay
A18: Comment
A19: 인벤토리 코드를 다시 살펴볼 필요가 있음
A21: Steel shot
